[
  {
    "id": "b2256143-2225-450e-b6ac-1851ac6fc75d",
    "data": [
      {
        "text": "other",
        "userDefined": false
      }
    ],
    "isTemplate": false,
    "count": 0,
    "lang": "en",
    "updated": 0
  },
  {
    "id": "a5065719-335b-4acd-bcb4-c7b1e285eb47",
    "data": [
      {
        "text": "version",
        "meta": "@sys.ignore",
        "userDefined": false
      }
    ],
    "isTemplate": false,
    "count": 0,
    "lang": "en",
    "updated": 0
  },
  {
    "id": "ff0a0958-ae8f-4c78-a4bc-8a6699c1bedc",
    "data": [
      {
        "text": "who found the zenzu?",
        "userDefined": false
      }
    ],
    "isTemplate": false,
    "count": 0,
    "lang": "en",
    "updated": 0
  },
  {
    "id": "66652701-8a9f-4902-8012-433a6315358a",
    "data": [
      {
        "text": "Mb ",
        "userDefined": false
      },
      {
        "text": "size",
        "meta": "@sys.ignore",
        "userDefined": true
      }
    ],
    "isTemplate": false,
    "count": 0,
    "lang": "en",
    "updated": 0
  },
  {
    "id": "31c7af45-ab23-433f-8de6-14f99ba9d921",
    "data": [
      {
        "text": "data ",
        "userDefined": false
      },
      {
        "text": "size",
        "meta": "@sys.ignore",
        "userDefined": true
      }
    ],
    "isTemplate": false,
    "count": 0,
    "lang": "en",
    "updated": 0
  }
]