[
  {
    "id": "2064ec7f-c375-48ec-ab63-fd4f63ae0061",
    "data": [
      {
        "text": "zenzu Working demo",
        "userDefined": false
      }
    ],
    "isTemplate": false,
    "count": 0,
    "lang": "en",
    "updated": 0
  },
  {
    "id": "4a33a17d-d24d-4d41-822e-e03d24b0ffc3",
    "data": [
      {
        "text": "how to login",
        "userDefined": false
      }
    ],
    "isTemplate": false,
    "count": 0,
    "lang": "en",
    "updated": 0
  },
  {
    "id": "68991ef0-47c1-4588-8464-d09c76e84030",
    "data": [
      {
        "text": "zenzu demo",
        "userDefined": false
      }
    ],
    "isTemplate": false,
    "count": 0,
    "lang": "en",
    "updated": 0
  },
  {
    "id": "af5dc29a-292b-4bf5-b659-182fc49ebbf2",
    "data": [
      {
        "text": "working zenzu demo",
        "userDefined": false
      }
    ],
    "isTemplate": false,
    "count": 0,
    "lang": "en",
    "updated": 0
  }
]