[
  {
    "id": "204be128-2304-46c9-91fd-009c6faf3981",
    "data": [
      {
        "text": "how much data it take",
        "userDefined": false
      }
    ],
    "isTemplate": false,
    "count": 0,
    "lang": "en",
    "updated": 0
  },
  {
    "id": "24542735-6003-476a-b550-65bf7eb64db1",
    "data": [
      {
        "text": "wifi",
        "userDefined": false
      }
    ],
    "isTemplate": false,
    "count": 0,
    "lang": "en",
    "updated": 0
  },
  {
    "id": "5661a537-5a72-4747-aed0-60771648a81c",
    "data": [
      {
        "text": "internet connection",
        "userDefined": false
      }
    ],
    "isTemplate": false,
    "count": 0,
    "lang": "en",
    "updated": 0
  },
  {
    "id": "ee15a785-8779-49f3-aa2e-6b0567c0590d",
    "data": [
      {
        "text": "internet",
        "userDefined": false
      }
    ],
    "isTemplate": false,
    "count": 0,
    "lang": "en",
    "updated": 0
  },
  {
    "id": "c0e14a7c-9955-42de-8975-8b112a30f7fd",
    "data": [
      {
        "text": "Do I need an internet connection",
        "userDefined": false
      },
      {
        "text": "?",
        "meta": "@sys.ignore",
        "userDefined": false
      }
    ],
    "isTemplate": false,
    "count": 0,
    "lang": "en",
    "updated": 0
  },
  {
    "id": "5f450696-f00f-4fcb-9a78-64669a7cb7ba",
    "data": [
      {
        "text": "need internet for this app",
        "userDefined": false
      }
    ],
    "isTemplate": false,
    "count": 0,
    "lang": "en",
    "updated": 0
  }
]