[
  {
    "id": "4873e540-e92c-43aa-af90-a40f80db03c9",
    "data": [
      {
        "text": "Learn yoga",
        "userDefined": false
      }
    ],
    "isTemplate": false,
    "count": 0,
    "lang": "en",
    "updated": 0
  },
  {
    "id": "abe73f4d-47ea-4f21-837b-a38ae5cd31dd",
    "data": [
      {
        "text": "asana",
        "userDefined": false
      }
    ],
    "isTemplate": false,
    "count": 0,
    "lang": "en",
    "updated": 0
  },
  {
    "id": "64c1bad3-ff52-41f8-be9e-fdcc76aa1ffc",
    "data": [
      {
        "text": "about yoga asana",
        "userDefined": false
      }
    ],
    "isTemplate": false,
    "count": 0,
    "lang": "en",
    "updated": 0
  },
  {
    "id": "be44c5f1-a45d-4c17-93f6-c60ef1e7a072",
    "data": [
      {
        "text": "yoga",
        "userDefined": false
      }
    ],
    "isTemplate": false,
    "count": 0,
    "lang": "en",
    "updated": 0
  }
]