[
  {
    "id": "2ac43aa0-01d2-4544-bc16-7363f343e098",
    "data": [
      {
        "text": "why zenzu",
        "userDefined": false
      }
    ],
    "isTemplate": false,
    "count": 0,
    "lang": "en",
    "updated": 0
  },
  {
    "id": "7005b7eb-32c4-491d-8314-edae7b79e86b",
    "data": [
      {
        "text": "home",
        "userDefined": false
      }
    ],
    "isTemplate": false,
    "count": 0,
    "lang": "en",
    "updated": 0
  },
  {
    "id": "3e9d9df1-1006-4a7f-9904-997eee0518fb",
    "data": [
      {
        "text": "tell me about yourself",
        "userDefined": false
      }
    ],
    "isTemplate": false,
    "count": 0,
    "lang": "en",
    "updated": 0
  },
  {
    "id": "f00dc7bf-fc8b-487a-89c2-3d96f4e5389b",
    "data": [
      {
        "text": "about ",
        "userDefined": false
      },
      {
        "text": "zenzu",
        "meta": "@sys.ignore",
        "userDefined": true
      }
    ],
    "isTemplate": false,
    "count": 0,
    "lang": "en",
    "updated": 0
  },
  {
    "id": "15f035fd-1b4e-4cef-809c-05c2cdcab882",
    "data": [
      {
        "text": "what is zenzu?",
        "userDefined": false
      }
    ],
    "isTemplate": false,
    "count": 0,
    "lang": "en",
    "updated": 0
  },
  {
    "id": "daebe127-12d8-43f6-86d8-8be313e13b89",
    "data": [
      {
        "text": "zenzu",
        "userDefined": false
      }
    ],
    "isTemplate": false,
    "count": 0,
    "lang": "en",
    "updated": 0
  },
  {
    "id": "54fe0897-154c-45d1-886a-137289662384",
    "data": [
      {
        "text": "why zenzu?",
        "userDefined": false
      }
    ],
    "isTemplate": false,
    "count": 0,
    "lang": "en",
    "updated": 0
  }
]