[
  {
    "id": "25fa7cde-b2b5-4d5f-995c-f15f54af38bf",
    "data": [
      {
        "text": "zenzu Features",
        "userDefined": false
      }
    ],
    "isTemplate": false,
    "count": 1,
    "lang": "en",
    "updated": 0
  },
  {
    "id": "eeee622e-5562-425c-8600-0e01dbe13e0d",
    "data": [
      {
        "text": "what about ",
        "userDefined": false
      },
      {
        "text": "security",
        "meta": "@sys.ignore",
        "userDefined": true
      },
      {
        "text": "?",
        "userDefined": false
      }
    ],
    "isTemplate": false,
    "count": 0,
    "lang": "en",
    "updated": 0
  },
  {
    "id": "e112ec6c-7778-43fd-be2e-24f9211d79c1",
    "data": [
      {
        "text": "what is advantages",
        "userDefined": false
      },
      {
        "text": "?",
        "meta": "@sys.ignore",
        "userDefined": false
      }
    ],
    "isTemplate": false,
    "count": 0,
    "lang": "en",
    "updated": 0
  },
  {
    "id": "895a60de-a9c2-40d5-acf1-44dd6cf0ff9b",
    "data": [
      {
        "text": "is ",
        "userDefined": false
      },
      {
        "text": "better than any other app?",
        "meta": "@sys.ignore",
        "userDefined": false
      }
    ],
    "isTemplate": false,
    "count": 0,
    "lang": "en",
    "updated": 0
  },
  {
    "id": "3a42cfd3-b3c3-4ac6-a081-f9db4f7c5d4d",
    "data": [
      {
        "text": "what is benefit?",
        "userDefined": false
      }
    ],
    "isTemplate": false,
    "count": 0,
    "lang": "en",
    "updated": 0
  },
  {
    "id": "9e68f7ea-21f5-452b-8fff-0ff368291b4f",
    "data": [
      {
        "text": "can you ",
        "userDefined": false
      },
      {
        "text": "store our pictures and",
        "meta": "@sys.ignore",
        "userDefined": false
      },
      {
        "text": " screen shots?",
        "userDefined": false
      }
    ],
    "isTemplate": false,
    "count": 1,
    "lang": "en",
    "updated": 0
  },
  {
    "id": "d1128086-dcaa-435b-8e7b-28b8f3f1b224",
    "data": [
      {
        "text": "what is benefit of zenzu?",
        "userDefined": false
      }
    ],
    "isTemplate": false,
    "count": 0,
    "lang": "en",
    "updated": 0
  },
  {
    "id": "d6d66ecc-ffd4-4800-b15c-dca1aae47f73",
    "data": [
      {
        "text": "what is the features?",
        "userDefined": false
      }
    ],
    "isTemplate": false,
    "count": 0,
    "lang": "en",
    "updated": 0
  },
  {
    "id": "8610e4cd-5362-412c-9c99-9a83008d94fd",
    "data": [
      {
        "text": "features",
        "userDefined": false
      }
    ],
    "isTemplate": false,
    "count": 0,
    "lang": "en",
    "updated": 0
  }
]